epoch,total_ideas,valid_ideas,failed_ideas,epoch_best_val_loss,epoch_mean_val_loss,new_concepts,cumulative_unique_concepts,cumulative_coverage
0,19,19,0,3.6971,3.746415789473684,19,19,0.25
1,20,20,0,3.69,3.75822,10,29,0.45
2,16,16,0,3.6924,3.8075312500000003,9,38,0.525
3,15,14,1,3.6976,3.7165999999999997,7,45,0.6
4,16,16,0,3.6994,3.74098125,8,53,0.675
5,17,16,1,3.6905,3.73201875,9,62,0.7
6,17,17,0,3.692,3.7771470588235294,8,70,0.725
7,8,6,2,3.7072,3.7506166666666663,5,75,0.725
